id,sample_size,start_date,duration,set,date_sampled,pfmg_sampled,pfmg_with_error,sampling_bias,prop_recaptured_individuals,rel_tau_sd,obs_error,scenario
1,2,213.3260896053512,77.94688587254456,1,289,0.9708394318457773,0.9708394318457773,none,0.3574468085106383,0,0,siskin03
1,2,213.3260896053512,77.94688587254456,1,329,1,1,none,0.3574468085106383,0,0,siskin03
2,1,202.49851864337577,77.69134646505564,1,207,0.057940575899903105,0.057940575899903105,none,0.3574468085106383,0,0,siskin03
3,2,188.44153390148276,77.88185679665709,1,286,1,1,none,0.3574468085106383,0,0,siskin03
3,2,188.44153390148276,77.88185679665709,1,172,0,0,none,0.3574468085106383,0,0,siskin03
4,1,200.59820325481056,77.71579213602263,1,213,0.15957885011945974,0.15957885011945974,none,0.3574468085106383,0,0,siskin03
5,2,177.98927401124533,77.71560797328418,1,252,0.9523276973423007,0.9523276973423007,none,0.3574468085106383,0,0,siskin03
5,2,177.98927401124533,77.71560797328418,1,227,0.6306419941487531,0.6306419941487531,none,0.3574468085106383,0,0,siskin03
6,1,193.7659832973997,77.70230766495642,1,298,1,1,none,0.3574468085106383,0,0,siskin03
7,1,201.65863875022916,77.87475083419005,1,194,0,0,none,0.3574468085106383,0,0,siskin03
8,2,200.12705516390977,77.85393190780455,1,316,1,1,none,0.3574468085106383,0,0,siskin03
8,2,200.12705516390977,77.85393190780455,1,321,1,1,none,0.3574468085106383,0,0,siskin03
9,1,195.4136714616919,77.77594510396108,1,230,0.44469184517240457,0.44469184517240457,none,0.3574468085106383,0,0,siskin03
10,3,199.7077733937372,77.84811254271656,1,188,0,0,none,0.3574468085106383,0,0,siskin03
10,3,199.7077733937372,77.84811254271656,1,266,0.8515585598801403,0.8515585598801403,none,0.3574468085106383,0,0,siskin03
10,3,199.7077733937372,77.84811254271656,1,267,0.864404086474652,0.864404086474652,none,0.3574468085106383,0,0,siskin03
11,2,214.41306296820053,77.8231499905755,1,258,0.560076751417514,0.560076751417514,none,0.3574468085106383,0,0,siskin03
11,2,214.41306296820053,77.8231499905755,1,262,0.6114753391190451,0.6114753391190451,none,0.3574468085106383,0,0,siskin03
12,3,203.86772630083152,77.76028912537954,1,181,0,0,none,0.3574468085106383,0,0,siskin03
12,3,203.86772630083152,77.76028912537954,1,325,1,1,none,0.3574468085106383,0,0,siskin03
12,3,203.86772630083152,77.76028912537954,1,263,0.760443079163768,0.760443079163768,none,0.3574468085106383,0,0,siskin03
13,1,200.24024719723744,77.82114400535725,1,202,0.02261278506316253,0.02261278506316253,none,0.3574468085106383,0,0,siskin03
14,1,191.3109770799387,77.72603311261423,1,207,0.2018502976644913,0.2018502976644913,none,0.3574468085106383,0,0,siskin03
15,1,199.07298498958065,77.69536234391326,1,245,0.5911165560580892,0.5911165560580892,none,0.3574468085106383,0,0,siskin03
16,1,195.2783586053931,77.74388651291021,1,248,0.6781451733295056,0.6781451733295056,none,0.3574468085106383,0,0,siskin03
17,1,194.31915810804134,77.81280026102988,1,283,1,1,none,0.3574468085106383,0,0,siskin03
18,1,192.74683261445855,77.73097102006814,1,277,1,1,none,0.3574468085106383,0,0,siskin03
19,1,195.7676455556482,77.97510152054141,1,283,1,1,none,0.3574468085106383,0,0,siskin03
20,1,190.94528861465466,77.82311549813687,1,175,0,0,none,0.3574468085106383,0,0,siskin03
21,1,192.75246641824472,77.83236356329428,1,215,0.28583911066330775,0.28583911066330775,none,0.3574468085106383,0,0,siskin03
22,1,197.2097271669842,77.88874510837503,1,217,0.25408385775736203,0.25408385775736203,none,0.3574468085106383,0,0,siskin03
23,1,189.8473948374021,77.7670189330831,1,178,0,0,none,0.3574468085106383,0,0,siskin03
24,2,188.79455847854877,77.91080736539529,1,214,0.3235166259186583,0.3235166259186583,none,0.3574468085106383,0,0,siskin03
24,2,188.79455847854877,77.91080736539529,1,254,0.8369242179155335,0.8369242179155335,none,0.3574468085106383,0,0,siskin03
25,2,187.62005817074333,77.85311802510796,1,191,0.043414341197826146,0.043414341197826146,none,0.3574468085106383,0,0,siskin03
25,2,187.62005817074333,77.85311802510796,1,227,0.5058235665854317,0.5058235665854317,none,0.3574468085106383,0,0,siskin03
26,3,196.24310274670603,77.70298717292233,1,283,1,1,none,0.3574468085106383,0,0,siskin03
26,3,196.24310274670603,77.70298717292233,1,236,0.5116521088799056,0.5116521088799056,none,0.3574468085106383,0,0,siskin03
26,3,196.24310274670603,77.70298717292233,1,227,0.39582644596206756,0.39582644596206756,none,0.3574468085106383,0,0,siskin03
27,1,198.90864641816813,77.97244978584075,1,326,1,1,none,0.3574468085106383,0,0,siskin03
28,2,195.34354734885434,77.73668743598276,1,234,0.4972742462557307,0.4972742462557307,none,0.3574468085106383,0,0,siskin03
28,2,195.34354734885434,77.73668743598276,1,207,0.14994789507521666,0.14994789507521666,none,0.3574468085106383,0,0,siskin03
29,1,197.23108169241743,77.78895322717482,1,200,0.03559526375803283,0.03559526375803283,none,0.3574468085106383,0,0,siskin03
30,1,199.74944484221353,77.77762732817462,1,187,0,0,none,0.3574468085106383,0,0,siskin03
31,2,188.54797666954562,77.85367551549567,1,169,0,0,none,0.3574468085106383,0,0,siskin03
31,2,188.54797666954562,77.85367551549567,1,196,0.09571832390843463,0.09571832390843463,none,0.3574468085106383,0,0,siskin03
32,4,210.87093256368354,77.75589964366627,1,217,0.0788244681677439,0.0788244681677439,none,0.3574468085106383,0,0,siskin03
32,4,210.87093256368354,77.75589964366627,1,224,0.16884979141754308,0.16884979141754308,none,0.3574468085106383,0,0,siskin03
32,4,210.87093256368354,77.75589964366627,1,214,0.04024218677497283,0.04024218677497283,none,0.3574468085106383,0,0,siskin03
32,4,210.87093256368354,77.75589964366627,1,210,0,0,none,0.3574468085106383,0,0,siskin03
33,1,207.67428337828702,77.67983151383811,1,245,0.4805071779161065,0.4805071779161065,none,0.3574468085106383,0,0,siskin03
34,1,193.50633740551996,77.87300941613478,1,218,0.31453340224199833,0.31453340224199833,none,0.3574468085106383,0,0,siskin03
35,2,198.03632633452494,77.71930175868289,1,291,1,1,none,0.3574468085106383,0,0,siskin03
35,2,198.03632633452494,77.71930175868289,1,268,0.9002097559073687,0.9002097559073687,none,0.3574468085106383,0,0,siskin03
36,2,210.16989291776213,77.79570809338882,1,163,0,0,none,0.3574468085106383,0,0,siskin03
36,2,210.16989291776213,77.79570809338882,1,233,0.2934622955656085,0.2934622955656085,none,0.3574468085106383,0,0,siskin03
37,3,189.10112233981366,77.80058586340994,1,160,0,0,none,0.3574468085106383,0,0,siskin03
37,3,189.10112233981366,77.80058586340994,1,194,0.06296710501366949,0.06296710501366949,none,0.3574468085106383,0,0,siskin03
37,3,189.10112233981366,77.80058586340994,1,204,0.1915008414762256,0.1915008414762256,none,0.3574468085106383,0,0,siskin03
38,2,200.7052998685302,77.77580223362112,1,237,0.46665799759221555,0.46665799759221555,none,0.3574468085106383,0,0,siskin03
38,2,200.7052998685302,77.77580223362112,1,243,0.5438028142021084,0.5438028142021084,none,0.3574468085106383,0,0,siskin03
39,1,205.37821110575237,77.65390803040503,1,265,0.7677886458837717,0.7677886458837717,none,0.3574468085106383,0,0,siskin03
40,3,203.70686238006414,77.7960333398191,1,252,0.6207660666834733,0.6207660666834733,none,0.3574468085106383,0,0,siskin03
40,3,203.70686238006414,77.7960333398191,1,292,1,1,none,0.3574468085106383,0,0,siskin03
40,3,203.70686238006414,77.7960333398191,1,284,1,1,none,0.3574468085106383,0,0,siskin03
41,1,193.07037331474743,77.85345098818978,1,201,0.10185324586903002,0.10185324586903002,none,0.3574468085106383,0,0,siskin03
42,1,197.53301917935343,77.93525307431858,1,290,1,1,none,0.3574468085106383,0,0,siskin03
43,1,193.52784917100243,77.70375614300437,1,223,0.3792886250538216,0.3792886250538216,none,0.3574468085106383,0,0,siskin03
44,1,193.26723518452806,77.7610502118437,1,330,1,1,none,0.3574468085106383,0,0,siskin03
45,1,200.42669790187995,77.77135448181274,1,202,0.020229840519081842,0.020229840519081842,none,0.3574468085106383,0,0,siskin03
46,4,192.86393149491474,77.68803712382412,1,212,0.2463193718562484,0.2463193718562484,none,0.3574468085106383,0,0,siskin03
46,4,192.86393149491474,77.68803712382412,1,191,0,0,none,0.3574468085106383,0,0,siskin03
46,4,192.86393149491474,77.68803712382412,1,250,0.7354551694235519,0.7354551694235519,none,0.3574468085106383,0,0,siskin03
46,4,192.86393149491474,77.68803712382412,1,185,0,0,none,0.3574468085106383,0,0,siskin03
47,2,192.50233315829252,77.78489581240984,1,258,0.8420357983080046,0.8420357983080046,none,0.3574468085106383,0,0,siskin03
47,2,192.50233315829252,77.78489581240984,1,329,1,1,none,0.3574468085106383,0,0,siskin03
48,1,204.5231618471939,77.6260798145334,1,296,1,1,none,0.3574468085106383,0,0,siskin03
49,2,189.7398303523298,77.61112144019924,1,241,0.6604745389121466,0.6604745389121466,none,0.3574468085106383,0,0,siskin03
49,2,189.7398303523298,77.61112144019924,1,194,0.054891226522899135,0.054891226522899135,none,0.3574468085106383,0,0,siskin03
50,2,185.58740161080527,77.76021268075333,1,226,0.519707919975859,0.519707919975859,none,0.3574468085106383,0,0,siskin03
50,2,185.58740161080527,77.76021268075333,1,225,0.5068478728447442,0.5068478728447442,none,0.3574468085106383,0,0,siskin03
51,1,208.16487544703372,77.81012051079664,1,275,0.8589515620104006,0.8589515620104006,none,0.3574468085106383,0,0,siskin03
52,3,197.34630263117876,77.73190734467885,1,234,0.4715399199750934,0.4715399199750934,none,0.3574468085106383,0,0,siskin03
52,3,197.34630263117876,77.73190734467885,1,275,0.998993849777662,0.998993849777662,none,0.3574468085106383,0,0,siskin03
52,3,197.34630263117876,77.73190734467885,1,205,0.09846275011474007,0.09846275011474007,none,0.3574468085106383,0,0,siskin03
53,3,192.75056421819534,77.74244006948066,1,284,1,1,none,0.3574468085106383,0,0,siskin03
53,3,192.75056421819534,77.74244006948066,1,205,0.1575643338549316,0.1575643338549316,none,0.3574468085106383,0,0,siskin03
53,3,192.75056421819534,77.74244006948066,1,253,0.7749877123480817,0.7749877123480817,none,0.3574468085106383,0,0,siskin03
54,1,197.37517318794067,77.70555319158548,1,321,1,1,none,0.3574468085106383,0,0,siskin03
55,2,191.50148754601352,77.81578753373275,1,217,0.327677882112714,0.327677882112714,none,0.3574468085106383,0,0,siskin03
55,2,191.50148754601352,77.81578753373275,1,273,1,1,none,0.3574468085106383,0,0,siskin03
56,1,193.04149220829888,77.89838061714069,1,314,1,1,none,0.3574468085106383,0,0,siskin03
57,1,192.95553534385775,77.90917495918302,1,271,1,1,none,0.3574468085106383,0,0,siskin03
58,1,194.12345401132114,77.79592452171556,1,176,0,0,none,0.3574468085106383,0,0,siskin03
59,2,199.01702819524675,77.74183266987299,1,192,0,0,none,0.3574468085106383,0,0,siskin03
59,2,199.01702819524675,77.74183266987299,1,255,0.7201138676841115,0.7201138676841115,none,0.3574468085106383,0,0,siskin03
60,2,192.7871877907099,77.89405838573678,1,256,0.8115229007102936,0.8115229007102936,none,0.3574468085106383,0,0,siskin03
60,2,192.7871877907099,77.89405838573678,1,209,0.20813926691305673,0.20813926691305673,none,0.3574468085106383,0,0,siskin03
61,1,192.23891997055068,77.79222243673134,1,293,1,1,none,0.3574468085106383,0,0,siskin03
62,3,191.8327178569142,77.8952520200707,1,262,0.900790232054276,0.900790232054276,none,0.3574468085106383,0,0,siskin03
62,3,191.8327178569142,77.8952520200707,1,291,1,1,none,0.3574468085106383,0,0,siskin03
62,3,191.8327178569142,77.8952520200707,1,302,1,1,none,0.3574468085106383,0,0,siskin03
63,1,200.78044962763917,77.8744699964924,1,246,0.5806723355471646,0.5806723355471646,none,0.3574468085106383,0,0,siskin03
64,1,174.71330743363828,77.7731082455028,1,255,1,1,none,0.3574468085106383,0,0,siskin03
65,3,186.54649668729022,77.72784710059517,1,178,0,0,none,0.3574468085106383,0,0,siskin03
65,3,186.54649668729022,77.72784710059517,1,243,0.7262970147577588,0.7262970147577588,none,0.3574468085106383,0,0,siskin03
65,3,186.54649668729022,77.72784710059517,1,291,1,1,none,0.3574468085106383,0,0,siskin03
66,1,199.05320394319259,77.6994248158061,1,297,1,1,none,0.3574468085106383,0,0,siskin03
67,1,190.67116686900297,77.82061698359054,1,326,1,1,none,0.3574468085106383,0,0,siskin03
68,1,192.42999860003044,77.75764158428468,1,326,1,1,none,0.3574468085106383,0,0,siskin03
69,1,190.64641255698476,78.07373512561361,1,303,1,1,none,0.3574468085106383,0,0,siskin03
70,2,189.09410733736206,77.87641427842144,1,307,1,1,none,0.3574468085106383,0,0,siskin03
70,2,189.09410733736206,77.87641427842144,1,208,0.24276788855539952,0.24276788855539952,none,0.3574468085106383,0,0,siskin03
71,1,190.90407576186902,77.86653689060796,1,188,0,0,none,0.3574468085106383,0,0,siskin03
72,2,199.00729856699664,77.68455576901047,1,326,1,1,none,0.3574468085106383,0,0,siskin03
72,2,199.00729856699664,77.68455576901047,1,264,0.8366231973605482,0.8366231973605482,none,0.3574468085106383,0,0,siskin03
73,3,196.74344028390146,77.82481080514064,1,304,1,1,none,0.3574468085106383,0,0,siskin03
73,3,196.74344028390146,77.82481080514064,1,305,1,1,none,0.3574468085106383,0,0,siskin03
73,3,196.74344028390146,77.82481080514064,1,222,0.32453094912542,0.32453094912542,none,0.3574468085106383,0,0,siskin03
74,2,190.0668642480064,77.748005013635,1,300,1,1,none,0.3574468085106383,0,0,siskin03
74,2,190.0668642480064,77.748005013635,1,203,0.166346850311149,0.166346850311149,none,0.3574468085106383,0,0,siskin03
75,1,188.87063191213568,77.77443658870952,1,271,1,1,none,0.3574468085106383,0,0,siskin03
76,2,186.4403107994532,77.70192789544129,1,245,0.7536452541994453,0.7536452541994453,none,0.3574468085106383,0,0,siskin03
76,2,186.4403107994532,77.70192789544129,1,279,1,1,none,0.3574468085106383,0,0,siskin03
77,3,204.22160497846474,77.77562368237757,1,281,0.987178133538153,0.987178133538153,none,0.3574468085106383,0,0,siskin03
77,3,204.22160497846474,77.77562368237757,1,307,1,1,none,0.3574468085106383,0,0,siskin03
77,3,204.22160497846474,77.77562368237757,1,324,1,1,none,0.3574468085106383,0,0,siskin03
78,2,193.97309383018757,77.79575177307211,1,183,0,0,none,0.3574468085106383,0,0,siskin03
78,2,193.97309383018757,77.79575177307211,1,327,1,1,none,0.3574468085106383,0,0,siskin03
79,1,187.070028580086,77.7611393299449,1,213,0.3334566808478935,0.3334566808478935,none,0.3574468085106383,0,0,siskin03
80,3,196.94740552664882,77.69464902130329,1,288,1,1,none,0.3574468085106383,0,0,siskin03
80,3,196.94740552664882,77.69464902130329,1,177,0,0,none,0.3574468085106383,0,0,siskin03
80,3,196.94740552664882,77.69464902130329,1,284,1,1,none,0.3574468085106383,0,0,siskin03
81,1,197.10513692844566,77.81052941407384,1,219,0.2813868924479281,0.2813868924479281,none,0.3574468085106383,0,0,siskin03
82,1,194.02763025398482,77.762294146557835,1,215,0.2696984441648385,0.2696984441648385,none,0.3574468085106383,0,0,siskin03
83,2,202.98518812357474,77.61325462238855,1,286,1,1,none,0.3574468085106383,0,0,siskin03
83,2,202.98518812357474,77.61325462238855,1,232,0.3738383606974208,0.3738383606974208,none,0.3574468085106383,0,0,siskin03
84,1,209.9086748247557,77.82403967678727,1,228,0.23246448334447523,0.23246448334447523,none,0.3574468085106383,0,0,siskin03
85,1,205.21689796232937,77.90188660088384,1,317,1,1,none,0.3574468085106383,0,0,siskin03
86,1,210.80559173835056,77.78479514954441,1,195,0,0,none,0.3574468085106383,0,0,siskin03
87,1,189.3583038826967,77.80978451387948,1,279,1,1,none,0.3574468085106383,0,0,siskin03
88,3,191.02545877463314,77.85879095432011,1,221,0.3849859580140793,0.3849859580140793,none,0.3574468085106383,0,0,siskin03
88,3,191.02545877463314,77.85879095432011,1,184,0,0,none,0.3574468085106383,0,0,siskin03
88,3,191.02545877463314,77.85879095432011,1,233,0.539111135825284,0.539111135825284,none,0.3574468085106383,0,0,siskin03
89,1,187.93851770345793,77.81972833992272,1,165,0,0,none,0.3574468085106383,0,0,siskin03
90,1,204.29800006253208,77.72639318997626,1,305,1,1,none,0.3574468085106383,0,0,siskin03
91,2,201.26590328271553,77.90259208690755,1,257,0.7154331482976578,0.7154331482976578,none,0.3574468085106383,0,0,siskin03
91,2,201.26590328271553,77.90259208690755,1,216,0.18913487115868013,0.18913487115868013,none,0.3574468085106383,0,0,siskin03
92,1,190.58886936342734,77.89782441061388,1,300,1,1,none,0.3574468085106383,0,0,siskin03
93,1,190.53761653241475,77.65431733400659,1,276,1,1,none,0.3574468085106383,0,0,siskin03
94,1,185.92487953672364,77.83516126201172,1,308,1,1,none,0.3574468085106383,0,0,siskin03
95,1,198.21633247592422,77.93061503473886,1,329,1,1,none,0.3574468085106383,0,0,siskin03
96,1,200.65692296450743,77.81902995364433,1,213,0.15861257899057804,0.15861257899057804,none,0.3574468085106383,0,0,siskin03
97,3,192.8077896805579,77.66233270410231,1,207,0.18274251912462103,0.18274251912462103,none,0.3574468085106383,0,0,siskin03
97,3,192.8077896805579,77.66233270410231,1,161,0,0,none,0.3574468085106383,0,0,siskin03
97,3,192.8077896805579,77.66233270410231,1,272,1,1,none,0.3574468085106383,0,0,siskin03
98,1,210.83233937141108,77.80418005364945,1,330,1,1,none,0.3574468085106383,0,0,siskin03
99,1,204.75953040225338,77.85252392857123,1,313,1,1,none,0.3574468085106383,0,0,siskin03
100,5,210.54386404277108,77.82564792187831,1,247,0.46843343975528134,0.46843343975528134,none,0.3574468085106383,0,0,siskin03
100,5,210.54386404277108,77.82564792187831,1,212,0.018710232373402125,0.018710232373402125,none,0.3574468085106383,0,0,siskin03
100,5,210.54386404277108,77.82564792187831,1,170,0,0,none,0.3574468085106383,0,0,siskin03
100,5,210.54386404277108,77.82564792187831,1,218,0.09580563935315285,0.09580563935315285,none,0.3574468085106383,0,0,siskin03
100,5,210.54386404277108,77.82564792187831,1,289,1,1,none,0.3574468085106383,0,0,siskin03
101,1,193.70695601021333,77.71034097521976,1,311,1,1,none,0.3574468085106383,0,0,siskin03
102,1,204.489267755801,77.90649491137151,1,300,1,1,none,0.3574468085106383,0,0,siskin03
103,3,217.44184397299782,77.680486518974,1,213,0,0,none,0.3574468085106383,0,0,siskin03
103,3,217.44184397299782,77.680486518974,1,238,0.2646501965713192,0.2646501965713192,none,0.3574468085106383,0,0,siskin03
103,3,217.44184397299782,77.680486518974,1,299,1,1,none,0.3574468085106383,0,0,siskin03
104,3,194.3924573043705,77.80338347805267,1,329,1,1,none,0.3574468085106383,0,0,siskin03
104,3,194.3924573043705,77.80338347805267,1,236,0.5347780627993697,0.5347780627993697,none,0.3574468085106383,0,0,siskin03
104,3,194.3924573043705,77.80338347805267,1,262,0.8689537610494884,0.8689537610494884,none,0.3574468085106383,0,0,siskin03
105,1,191.34790295458302,77.95908452021953,1,171,0,0,none,0.3574468085106383,0,0,siskin03
106,1,179.95705395100276,77.69796591730328,1,201,0.2708300764449097,0.2708300764449097,none,0.3574468085106383,0,0,siskin03
107,1,190.57686395196168,77.87230780205579,1,299,1,1,none,0.3574468085106383,0,0,siskin03
108,2,184.95216226661688,77.83962553059241,1,313,1,1,none,0.3574468085106383,0,0,siskin03
108,2,184.95216226661688,77.83962553059241,1,172,0,0,none,0.3574468085106383,0,0,siskin03
109,3,196.2812659123387,77.74133211564843,1,202,0.07356105088544236,0.07356105088544236,none,0.3574468085106383,0,0,siskin03
109,3,196.2812659123387,77.74133211564843,1,227,0.3951403102015789,0.3951403102015789,none,0.3574468085106383,0,0,siskin03
109,3,196.2812659123387,77.74133211564843,1,306,1,1,none,0.3574468085106383,0,0,siskin03
110,1,196.18229465773518,77.82531272010232,1,290,1,1,none,0.3574468085106383,0,0,siskin03
111,1,191.73086279588466,77.77577471045849,1,328,1,1,none,0.3574468085106383,0,0,siskin03
112,1,207.08349986197072,77.67004210414457,1,267,0.7714235568160206,0.7714235568160206,none,0.3574468085106383,0,0,siskin03
113,3,196.48774992959753,77.78829837175441,1,220,0.3022594729870061,0.3022594729870061,none,0.3574468085106383,0,0,siskin03
113,3,196.48774992959753,77.78829837175441,1,201,0.05800679748563454,0.05800679748563454,none,0.3574468085106383,0,0,siskin03
113,3,196.48774992959753,77.78829837175441,1,254,0.7393432080947236,0.7393432080947236,none,0.3574468085106383,0,0,siskin03
114,1,184.6939199216064,77.8330160636108,1,269,1,1,none,0.3574468085106383,0,0,siskin03
115,1,197.2868594924365,77.75094667215302,1,170,0,0,none,0.3574468085106383,0,0,siskin03
116,1,191.7395887412247,77.71201188500751,1,275,1,1,none,0.3574468085106383,0,0,siskin03
117,1,216.9514561653289,77.83865610024797,1,259,0.540201307953172,0.540201307953172,none,0.3574468085106383,0,0,siskin03
118,1,204.9597155252448,77.8296030454436,1,250,0.578703767105902,0.578703767105902,none,0.3574468085106383,0,0,siskin03
119,1,190.87621394443158,77.9239501965359,1,225,0.4379113991205927,0.4379113991205927,none,0.3574468085106383,0,0,siskin03
120,1,203.23654917178786,77.80870340170382,1,297,1,1,none,0.3574468085106383,0,0,siskin03
121,1,208.29068317132777,77.73173412957622,1,257,0.626633605619494,0.626633605619494,none,0.3574468085106383,0,0,siskin03
122,1,195.45881561902783,77.89229232128619,1,170,0,0,none,0.3574468085106383,0,0,siskin03
123,1,196.24364205312128,77.70154528603565,1,229,0.42156636430196737,0.42156636430196737,none,0.3574468085106383,0,0,siskin03
124,1,191.8135841021789,77.80553376032614,1,185,0,0,none,0.3574468085106383,0,0,siskin03
125,1,190.80485918440002,77.63667541901933,1,171,0,0,none,0.3574468085106383,0,0,siskin03
126,3,189.02040698228458,77.73806394484217,1,208,0.2441480023374661,0.2441480023374661,none,0.3574468085106383,0,0,siskin03
126,3,189.02040698228458,77.73806394484217,1,195,0.07691975737854938,0.07691975737854938,none,0.3574468085106383,0,0,siskin03
126,3,189.02040698228458,77.73806394484217,1,264,0.9645158267758768,0.9645158267758768,none,0.3574468085106383,0,0,siskin03
127,1,192.4247128298737,77.86397788676834,1,164,0,0,none,0.3574468085106383,0,0,siskin03
128,1,197.76949966878956,77.7830151591396,1,296,1,1,none,0.3574468085106383,0,0,siskin03
129,1,194.97426819994718,77.84600482248624,1,253,0.7453912623052401,0.7453912623052401,none,0.3574468085106383,0,0,siskin03
130,3,198.9281216774608,77.80638939269255,1,195,0,0,none,0.3574468085106383,0,0,siskin03
130,3,198.9281216774608,77.80638939269255,1,284,1,1,none,0.3574468085106383,0,0,siskin03
130,3,198.9281216774608,77.80638939269255,1,211,0.15515278908023666,0.15515278908023666,none,0.3574468085106383,0,0,siskin03
131,2,198.38402532559022,77.69625265972901,1,190,0,0,none,0.3574468085106383,0,0,siskin03
131,2,198.38402532559022,77.69625265972901,1,228,0.38117635871208666,0.38117635871208666,none,0.3574468085106383,0,0,siskin03
132,3,192.0599487868251,77.77516621641338,1,327,1,1,none,0.3574468085106383,0,0,siskin03
132,3,192.0599487868251,77.77516621641338,1,176,0,0,none,0.3574468085106383,0,0,siskin03
132,3,192.0599487868251,77.77516621641338,1,270,1,1,none,0.3574468085106383,0,0,siskin03
133,2,200.7778533391867,77.77679396162922,1,231,0.3885753721826493,0.3885753721826493,none,0.3574468085106383,0,0,siskin03
133,2,200.7778533391867,77.77679396162922,1,229,0.36286076120258387,0.36286076120258387,none,0.3574468085106383,0,0,siskin03
134,1,190.61535704214992,77.84496929287722,1,188,0,0,none,0.3574468085106383,0,0,siskin03
135,1,190.35546023666686,77.77132275888104,1,292,1,1,none,0.3574468085106383,0,0,siskin03
136,3,188.34828701943422,77.84733752215763,1,322,1,1,none,0.3574468085106383,0,0,siskin03
136,3,188.34828701943422,77.84733752215763,1,160,0,0,none,0.3574468085106383,0,0,siskin03
136,3,188.34828701943422,77.84733752215763,1,317,1,1,none,0.3574468085106383,0,0,siskin03
137,1,199.09273339087306,77.78083283507316,1,160,0,0,none,0.3574468085106383,0,0,siskin03
138,1,198.00732625341456,77.86713853924762,1,294,1,1,none,0.3574468085106383,0,0,siskin03
139,1,202.28705743006046,77.80633580937338,1,264,0.7931608901508628,0.7931608901508628,none,0.3574468085106383,0,0,siskin03
140,1,204.1176078691959,77.8568855323883,1,281,0.9874835296207833,0.9874835296207833,none,0.3574468085106383,0,0,siskin03
141,1,192.58450182335352,77.92713433292282,1,179,0,0,none,0.3574468085106383,0,0,siskin03
142,1,192.62455370355838,77.82033671059438,1,179,0,0,none,0.3574468085106383,0,0,siskin03
143,1,200.88082533126007,77.76837370950852,1,326,1,1,none,0.3574468085106383,0,0,siskin03
144,3,199.27623260617904,77.81747115421835,1,308,1,1,none,0.3574468085106383,0,0,siskin03
144,3,199.27623260617904,77.81747115421835,1,192,0,0,none,0.3574468085106383,0,0,siskin03
144,3,199.27623260617904,77.81747115421835,1,311,1,1,none,0.3574468085106383,0,0,siskin03
145,1,194.95942432160209,77.87585305054917,1,316,1,1,none,0.3574468085106383,0,0,siskin03
146,1,192.1386275119177,77.8084510037909,1,301,1,1,none,0.3574468085106383,0,0,siskin03
147,1,188.1445069733849,77.70308754188474,1,265,0.9890918811326158,0.9890918811326158,none,0.3574468085106383,0,0,siskin03
148,1,176.50193113883412,77.76999855562865,1,300,1,1,none,0.3574468085106383,0,0,siskin03
149,1,207.98161676525385,77.77091014804269,1,191,0,0,none,0.3574468085106383,0,0,siskin03
150,1,208.2727577920048,77.60644916723251,1,234,0.3315090753934136,0.3315090753934136,none,0.3574468085106383,0,0,siskin03
151,1,193.5453877324863,77.8747346999398,1,209,0.1984547661967914,0.1984547661967914,none,0.3574468085106383,0,0,siskin03
152,3,202.59095435155098,77.87732157582812,1,182,0,0,none,0.3574468085106383,0,0,siskin03
152,3,202.59095435155098,77.87732157582812,1,250,0.6087657444958152,0.6087657444958152,none,0.3574468085106383,0,0,siskin03
152,3,202.59095435155098,77.87732157582812,1,223,0.2620666098355348,0.2620666098355348,none,0.3574468085106383,0,0,siskin03
153,2,200.17514364978527,77.74452265037776,1,255,0.7051925265110408,0.7051925265110408,none,0.3574468085106383,0,0,siskin03
153,2,200.17514364978527,77.74452265037776,1,297,1,1,none,0.3574468085106383,0,0,siskin03
154,1,191.8329658142018,77.80811896988698,1,291,1,1,none,0.3574468085106383,0,0,siskin03
155,1,199.55337536128542,77.9631708547953,1,311,1,1,none,0.3574468085106383,0,0,siskin03
156,1,199.53338836682326,77.78894760117056,1,285,1,1,none,0.3574468085106383,0,0,siskin03
157,1,195.90539373385792,77.75101530228605,1,314,1,1,none,0.3574468085106383,0,0,siskin03
158,1,187.78324478361816,77.8392303451596,1,227,0.5038173558819177,0.5038173558819177,none,0.3574468085106383,0,0,siskin03
159,1,192.42065160169983,77.72253609646174,1,197,0.058919183911043796,0.058919183911043796,none,0.3574468085106383,0,0,siskin03
160,2,183.81828855032393,77.76023674075707,1,199,0.19523746436485276,0.19523746436485276,none,0.3574468085106383,0,0,siskin03
160,2,183.81828855032393,77.76023674075707,1,226,0.5424586294702862,0.5424586294702862,none,0.3574468085106383,0,0,siskin03
161,1,200.7540993138204,77.73257718143505,1,187,0,0,none,0.3574468085106383,0,0,siskin03
162,1,209.73807536589825,77.81352197270091,1,270,0.7744402657322625,0.7744402657322625,none,0.3574468085106383,0,0,siskin03
163,1,195.21658569459814,77.76152679220951,1,256,0.7816643629930812,0.7816643629930812,none,0.3574468085106383,0,0,siskin03
164,1,199.58027468841883,77.70517930912658,1,326,1,1,none,0.3574468085106383,0,0,siskin03
165,3,197.30698267094476,77.78919042819224,1,180,0,0,none,0.3574468085106383,0,0,siskin03
165,3,197.30698267094476,77.78919042819224,1,252,0.7030927694194575,0.7030927694194575,none,0.3574468085106383,0,0,siskin03
165,3,197.30698267094476,77.78919042819224,1,324,1,1,none,0.3574468085106383,0,0,siskin03
166,2,210.35033036088717,77.65813387389602,1,219,0.11138137381923784,0.11138137381923784,none,0.3574468085106383,0,0,siskin03
166,2,210.35033036088717,77.65813387389602,1,284,0.9483832016708994,0.9483832016708994,none,0.3574468085106383,0,0,siskin03
167,1,183.7802559493426,77.8142994735438,1,239,0.709634918315131,0.709634918315131,none,0.3574468085106383,0,0,siskin03
168,1,202.58916604370594,77.80727241564117,1,228,0.32658687507449313,0.32658687507449313,none,0.3574468085106383,0,0,siskin03
169,2,182.75851547073242,77.79272966548035,1,174,0,0,none,0.3574468085106383,0,0,siskin03
169,2,182.75851547073242,77.79272966548035,1,267,1,1,none,0.3574468085106383,0,0,siskin03
170,3,194.46746557664,77.84139416642827,1,310,1,1,none,0.3574468085106383,0,0,siskin03
170,3,194.46746557664,77.84139416642827,1,168,0,0,none,0.3574468085106383,0,0,siskin03
170,3,194.46746557664,77.84139416642827,1,323,1,1,none,0.3574468085106383,0,0,siskin03
171,1,205.2237324157761,77.82795634645949,1,207,0.022823001754236516,0.022823001754236516,none,0.3574468085106383,0,0,siskin03
172,1,187.85877866971103,77.7987311432775,1,198,0.13035201450281317,0.13035201450281317,none,0.3574468085106383,0,0,siskin03
173,1,199.36397041319978,77.76143706429838,1,213,0.17535722205757379,0.17535722205757379,none,0.3574468085106383,0,0,siskin03
174,1,193.68181506585756,77.7672075800982,1,247,0.6856126970899153,0.6856126970899153,none,0.3574468085106383,0,0,siskin03
175,2,200.28784268387608,77.920116920311,1,266,0.8433272422233121,0.8433272422233121,none,0.3574468085106383,0,0,siskin03
175,2,200.28784268387608,77.920116920311,1,190,0,0,none,0.3574468085106383,0,0,siskin03
176,1,190.15410584947145,77.79722229870315,1,227,0.47361452069661825,0.47361452069661825,none,0.3574468085106383,0,0,siskin03
177,3,207.38384754569776,77.80814407052283,1,269,0.7918984984201052,0.7918984984201052,none,0.3574468085106383,0,0,siskin03
177,3,207.38384754569776,77.80814407052283,1,309,1,1,none,0.3574468085106383,0,0,siskin03
177,3,207.38384754569776,77.80814407052283,1,245,0.48344749644983376,0.48344749644983376,none,0.3574468085106383,0,0,siskin03
178,3,207.4623519147446,77.74675317196056,1,186,0,0,none,0.3574468085106383,0,0,siskin03
178,3,207.4623519147446,77.74675317196056,1,208,0.006915376698319814,0.006915376698319814,none,0.3574468085106383,0,0,siskin03
178,3,207.4623519147446,77.74675317196056,1,210,0.03263992362025226,0.03263992362025226,none,0.3574468085106383,0,0,siskin03
179,1,195.82782569986423,77.76846574940411,1,282,1,1,none,0.3574468085106383,0,0,siskin03
180,3,217.91143936410242,77.85241857039352,1,302,1,1,none,0.3574468085106383,0,0,siskin03
180,3,217.91143936410242,77.85241857039352,1,249,0.39932684439067945,0.39932684439067945,none,0.3574468085106383,0,0,siskin03
180,3,217.91143936410242,77.85241857039352,1,256,0.48924055713771064,0.48924055713771064,none,0.3574468085106383,0,0,siskin03
181,1,203.03062492874818,77.69158130140778,1,162,0,0,none,0.3574468085106383,0,0,siskin03
182,2,196.18238871689786,77.78949535618554,1,280,1,1,none,0.3574468085106383,0,0,siskin03
182,2,196.18238871689786,77.78949535618554,1,195,0,0,none,0.3574468085106383,0,0,siskin03
183,1,193.69605309988876,77.85220424414312,1,325,1,1,none,0.3574468085106383,0,0,siskin03
184,1,200.43572133823074,77.65302501604478,1,328,1,1,none,0.3574468085106383,0,0,siskin03
185,1,191.5689376544367,77.75417800700458,1,241,0.6357351284854461,0.6357351284854461,none,0.3574468085106383,0,0,siskin03
186,2,206.52525458233052,77.84288787742355,1,301,1,1,none,0.3574468085106383,0,0,siskin03
186,2,206.52525458233052,77.84288787742355,1,179,0,0,none,0.3574468085106383,0,0,siskin03
187,2,193.88769312976655,77.87641942784106,1,195,0.014282973952906218,0.014282973952906218,none,0.3574468085106383,0,0,siskin03
187,2,193.88769312976655,77.87641942784106,1,272,1,1,none,0.3574468085106383,0,0,siskin03
188,1,199.85773329027563,77.92313423486338,1,320,1,1,none,0.3574468085106383,0,0,siskin03
189,1,190.50313874774972,77.7797542049706,1,329,1,1,none,0.3574468085106383,0,0,siskin03
190,4,192.69288314844562,77.69333005690791,1,177,0,0,none,0.3574468085106383,0,0,siskin03
190,4,192.69288314844562,77.69333005690791,1,178,0,0,none,0.3574468085106383,0,0,siskin03
190,4,192.69288314844562,77.69333005690791,1,247,0.6989932959724616,0.6989932959724616,none,0.3574468085106383,0,0,siskin03
190,4,192.69288314844562,77.69333005690791,1,212,0.24850417452067675,0.24850417452067675,none,0.3574468085106383,0,0,siskin03
191,2,213.39120442645194,77.79912419525391,1,291,0.9975535891480195,0.9975535891480195,none,0.3574468085106383,0,0,siskin03
191,2,213.39120442645194,77.79912419525391,1,177,0,0,none,0.3574468085106383,0,0,siskin03
192,1,191.3589399428901,77.78887156596487,1,239,0.612440559916213,0.612440559916213,none,0.3574468085106383,0,0,siskin03
193,1,179.59073275426198,77.79753544336126,1,268,1,1,none,0.3574468085106383,0,0,siskin03
194,2,194.09221355550412,77.7367135867002,1,249,0.7063301741365348,0.7063301741365348,none,0.3574468085106383,0,0,siskin03
194,2,194.09221355550412,77.7367135867002,1,302,1,1,none,0.3574468085106383,0,0,siskin03
195,1,200.4834926480094,77.68222413755808,1,308,1,1,none,0.3574468085106383,0,0,siskin03
196,1,205.79771391681425,77.86349379486852,1,322,1,1,none,0.3574468085106383,0,0,siskin03
197,1,182.91361333879485,77.71242009384224,1,232,0.6316414622261217,0.6316414622261217,none,0.3574468085106383,0,0,siskin03
198,1,188.0399921675066,77.79334808883938,1,226,0.4879595590762256,0.4879595590762256,none,0.3574468085106383,0,0,siskin03
199,1,208.213981510075,77.91158499569141,1,275,0.8572026675316429,0.8572026675316429,none,0.3574468085106383,0,0,siskin03
200,1,194.92827718400505,77.87785041458572,1,259,0.8227207411980001,0.8227207411980001,none,0.3574468085106383,0,0,siskin03
201,1,190.29910872450273,77.74663526567124,1,264,0.9479624555281512,0.9479624555281512,none,0.3574468085106383,0,0,siskin03
202,1,191.7430627222257,77.82885978451986,1,286,1,1,none,0.3574468085106383,0,0,siskin03
203,1,186.72542909778707,77.97728251255374,1,237,0.6447335593429934,0.6447335593429934,none,0.3574468085106383,0,0,siskin03
204,1,190.23553388181375,77.74319070053895,1,187,0,0,none,0.3574468085106383,0,0,siskin03
205,2,211.09488887872396,77.8165624137885,1,279,0.8726305688009134,0.8726305688009134,none,0.3574468085106383,0,0,siskin03
205,2,211.09488887872396,77.8165624137885,1,317,1,1,none,0.3574468085106383,0,0,siskin03
206,2,188.9676116980985,77.88905103232666,1,195,0.07744847603031978,0.07744847603031978,none,0.3574468085106383,0,0,siskin03
206,2,188.9676116980985,77.88905103232666,1,176,0,0,none,0.3574468085106383,0,0,siskin03
207,1,201.035146204827,77.73124505069723,1,269,0.8743569429621968,0.8743569429621968,none,0.3574468085106383,0,0,siskin03
208,1,183.19411733287444,77.79230616801537,1,229,0.5888227888268832,0.5888227888268832,none,0.3574468085106383,0,0,siskin03
209,1,184.92023503692548,77.91473480179893,1,290,1,1,none,0.3574468085106383,0,0,siskin03
210,3,201.5333657939354,77.7031907898415,1,285,1,1,none,0.3574468085106383,0,0,siskin03
210,3,201.5333657939354,77.7031907898415,1,284,1,1,none,0.3574468085106383,0,0,siskin03
210,3,201.5333657939354,77.7031907898415,1,328,1,1,none,0.3574468085106383,0,0,siskin03
211,2,189.74559266546737,77.85154767332038,1,258,0.8767251181818614,0.8767251181818614,none,0.3574468085106383,0,0,siskin03
211,2,189.74559266546737,77.85154767332038,1,185,0,0,none,0.3574468085106383,0,0,siskin03
212,3,210.47541940884906,77.88410767786009,1,179,0,0,none,0.3574468085106383,0,0,siskin03
212,3,210.47541940884906,77.88410767786009,1,325,1,1,none,0.3574468085106383,0,0,siskin03
212,3,210.47541940884906,77.88410767786009,1,223,0.16081047808821808,0.16081047808821808,none,0.3574468085106383,0,0,siskin03
213,5,212.4415403779011,77.7602632398934,1,171,0,0,none,0.3574468085106383,0,0,siskin03
213,5,212.4415403779011,77.7602632398934,1,207,0,0,none,0.3574468085106383,0,0,siskin03
213,5,212.4415403779011,77.7602632398934,1,167,0,0,none,0.3574468085106383,0,0,siskin03
213,5,212.4415403779011,77.7602632398934,1,211,0,0,none,0.3574468085106383,0,0,siskin03
213,5,212.4415403779011,77.7602632398934,1,311,1,1,none,0.3574468085106383,0,0,siskin03
214,3,191.6371487713767,77.71600609136627,1,169,0,0,none,0.3574468085106383,0,0,siskin03
214,3,191.6371487713767,77.71600609136627,1,235,0.5579655132772016,0.5579655132772016,none,0.3574468085106383,0,0,siskin03
214,3,191.6371487713767,77.71600609136627,1,223,0.4035571667405526,0.4035571667405526,none,0.3574468085106383,0,0,siskin03
215,1,187.54699779813598,77.83892492579159,1,180,0,0,none,0.3574468085106383,0,0,siskin03
216,2,205.74963974863908,77.779357846799,1,306,1,1,none,0.3574468085106383,0,0,siskin03
216,2,205.74963974863908,77.779357846799,1,199,0,0,none,0.3574468085106383,0,0,siskin03
217,1,182.27691091097964,77.84297525159579,1,165,0,0,none,0.3574468085106383,0,0,siskin03
218,1,200.64615515027188,77.74386840266126,1,259,0.7505909604021016,0.7505909604021016,none,0.3574468085106383,0,0,siskin03
219,1,192.7842390730492,77.80690612988954,1,194,0.015625360105197116,0.015625360105197116,none,0.3574468085106383,0,0,siskin03
220,1,200.12892730810023,77.67307131502267,1,289,1,1,none,0.3574468085106383,0,0,siskin03
221,1,189.5402787151359,77.79932321887316,1,187,0,0,none,0.3574468085106383,0,0,siskin03
222,2,200.38650400152375,77.77778922411632,1,249,0.6250305708535466,0.6250305708535466,none,0.3574468085106383,0,0,siskin03
222,2,200.38650400152375,77.77778922411632,1,233,0.41931631541365394,0.41931631541365394,none,0.3574468085106383,0,0,siskin03
223,1,199.87808471478465,77.6609183353034,1,276,0.9801830433752616,0.9801830433752616,none,0.3574468085106383,0,0,siskin03
224,1,197.4441046313133,77.8471975316869,1,293,1,1,none,0.3574468085106383,0,0,siskin03
225,3,175.44987235401035,77.86856217966258,1,222,0.5978038677353085,0.5978038677353085,none,0.3574468085106383,0,0,siskin03
225,3,175.44987235401035,77.86856217966258,1,232,0.7262253990964174,0.7262253990964174,none,0.3574468085106383,0,0,siskin03
225,3,175.44987235401035,77.86856217966258,1,220,0.5721195614630866,0.5721195614630866,none,0.3574468085106383,0,0,siskin03
226,1,202.69954156680217,77.80512377567443,1,165,0,0,none,0.3574468085106383,0,0,siskin03
227,2,190.5702490030477,77.79892159619318,1,226,0.4554015694567921,0.4554015694567921,none,0.3574468085106383,0,0,siskin03
227,2,190.5702490030477,77.79892159619318,1,302,1,1,none,0.3574468085106383,0,0,siskin03
228,1,205.62626613075247,77.75679907374516,1,208,0.030527669573901347,0.030527669573901347,none,0.3574468085106383,0,0,siskin03
229,1,203.1403056227896,77.73653184711279,1,276,0.937264535038766,0.937264535038766,none,0.3574468085106383,0,0,siskin03
230,1,203.85571280042993,77.82327169103118,1,273,0.8884782880123848,0.8884782880123848,none,0.3574468085106383,0,0,siskin03
231,1,211.12116971677287,77.90228555443983,1,280,0.8841695695191522,0.8841695695191522,none,0.3574468085106383,0,0,siskin03
232,1,194.78077356113016,77.78982493921669,1,238,0.5555897120560488,0.5555897120560488,none,0.3574468085106383,0,0,siskin03
233,1,202.66877820576318,77.72347815663049,1,247,0.5703710493359462,0.5703710493359462,none,0.3574468085106383,0,0,siskin03
234,3,214.64755253301342,77.91263749065217,1,221,0.08153295372331262,0.08153295372331262,none,0.3574468085106383,0,0,siskin03
234,3,214.64755253301342,77.91263749065217,1,284,0.8901309171481631,0.8901309171481631,none,0.3574468085106383,0,0,siskin03
234,3,214.64755253301342,77.91263749065217,1,317,1,1,none,0.3574468085106383,0,0,siskin03
235,2,190.6577546949562,77.8606931578044,1,215,0.31263843561870275,0.31263843561870275,none,0.3574468085106383,0,0,siskin03
235,2,190.6577546949562,77.8606931578044,1,245,0.6979419666211485,0.6979419666211485,none,0.3574468085106383,0,0,siskin03
